source_chunk,ata_from,ata_to_exclusive,fetched_at,api_data_updated_time,source_response_count,source_sha256
port_calls__20250101T000000Z__20250102T000000Z.json,2025-01-01T00:00:00Z,2025-01-02T00:00:00Z,2026-09-17T08:54:22Z,2026-09-17T08:52:00.192971Z,58,42b682530feda8a480778008a10818a809d7fd822356e7d3092e813cca8c419e
port_calls__20250102T000000Z__20250103T000000Z.json,2025-01-02T00:00:00Z,2025-01-03T00:00:00Z,2026-09-17T08:54:23Z,2026-09-17T08:52:00.192971Z,64,6f4d931a2e7838c2c588bd6642e6abec48ef49310acd455f16ed8431dfc5a7d8
port_calls__20250103T000000Z__20250104T000000Z.json,2025-01-03T00:00:00Z,2025-01-04T00:00:00Z,2026-09-17T08:54:23Z,2026-09-17T08:52:00.192971Z,73,28ad19d47763bb5b5d08ad5cecfe3bed21daee8ede1a9276d042a4f004634e51
port_calls__20250104T000000Z__20250105T000000Z.json,2025-01-04T00:00:00Z,2025-01-05T00:00:00Z,2026-09-17T08:54:24Z,2026-09-17T08:52:00.192971Z,61,348363168d815847e3a137fadbae371d33e627c13209aadfdac69a0fc7b585ee
port_calls__20250105T000000Z__20250106T000000Z.json,2025-01-05T00:00:00Z,2025-01-06T00:00:00Z,2026-09-17T08:54:25Z,2026-09-17T08:52:00.192971Z,61,c43e47a1450cc989c600dc8d8b8c7c066bb593b931693d245483969c64925250
port_calls__20250106T000000Z__20250107T000000Z.json,2025-01-06T00:00:00Z,2025-01-07T00:00:00Z,2026-09-17T08:54:25Z,2026-09-17T08:52:00.192971Z,73,1b19bfdc2fe3f087c331c246fb228a8f3c87d4ee3a23152dd868c3d23fc7787e
port_calls__20250107T000000Z__20250108T000000Z.json,2025-01-07T00:00:00Z,2025-01-08T00:00:00Z,2026-09-17T08:54:26Z,2026-09-17T08:52:00.192971Z,74,27b7f874491f71d1eb3e9ea406637bd22c3e49a522f341877e87e4b47b891903
port_calls__20250108T000000Z__20250109T000000Z.json,2025-01-08T00:00:00Z,2025-01-09T00:00:00Z,2026-09-17T08:54:26Z,2026-09-17T08:52:00.192971Z,75,d69976ed7acd086681e4ccbda0262cda75c0715874f5b76c9ef3093338b379b9
port_calls__20250109T000000Z__20250110T000000Z.json,2025-01-09T00:00:00Z,2025-01-10T00:00:00Z,2026-09-17T08:54:27Z,2026-09-17T08:52:00.192971Z,67,4207b4e2890909cea8c8c8219d29db822145b611c78aa732047e2ac4588f72c5
port_calls__20250110T000000Z__20250111T000000Z.json,2025-01-10T00:00:00Z,2025-01-11T00:00:00Z,2026-09-17T08:54:28Z,2026-09-17T08:52:00.192971Z,71,f0bf5ebe9962cf227e96152307d5412a33e919bdaf1f24b48fb78e9ef88fcdc1
port_calls__20250111T000000Z__20250112T000000Z.json,2025-01-11T00:00:00Z,2025-01-12T00:00:00Z,2026-09-17T08:54:28Z,2026-09-17T08:52:00.192971Z,58,94696e1fe98c87a35e2c9367bf3432a791cfbdfbf256c198c43764e5fb6af64c
port_calls__20250112T000000Z__20250113T000000Z.json,2025-01-12T00:00:00Z,2025-01-13T00:00:00Z,2026-09-17T08:54:29Z,2026-09-17T08:52:00.192971Z,66,4cf71e7c0fa8479fd7678f9c144c1dc378efb4130f648681748b02a17f710f52
port_calls__20250113T000000Z__20250114T000000Z.json,2025-01-13T00:00:00Z,2025-01-14T00:00:00Z,2026-09-17T08:54:30Z,2026-09-17T08:52:00.192971Z,75,2745bdcc517bd1e13d13050ebf148adf0d46f7af44047bd1a61bc4ece1a673a2
port_calls__20250114T000000Z__20250115T000000Z.json,2025-01-14T00:00:00Z,2025-01-15T00:00:00Z,2026-09-17T08:54:30Z,2026-09-17T08:52:00.192971Z,83,8d5a3641efe450dd3a186d0447655c2e81dd2e80e6f4a6bd041ec1fc1e736fe9
port_calls__20250115T000000Z__20250116T000000Z.json,2025-01-15T00:00:00Z,2025-01-16T00:00:00Z,2026-09-17T08:54:31Z,2026-09-17T08:52:00.192971Z,83,41ae2b690e0feb533a9da681f0ce8f621edefa49fd18e3ecfd700b7e35e5b0a8
port_calls__20250116T000000Z__20250117T000000Z.json,2025-01-16T00:00:00Z,2025-01-17T00:00:00Z,2026-09-17T08:54:32Z,2026-09-17T08:52:00.192971Z,87,6c8ef7cc845d6242666174da5f2a12533632060ebd7c098c64ac82c37d389290
port_calls__20250117T000000Z__20250118T000000Z.json,2025-01-17T00:00:00Z,2025-01-18T00:00:00Z,2026-09-17T08:54:32Z,2026-09-17T08:52:00.192971Z,83,0a44af0ed6194dd51a9ede4ca61bfd497897c8fa16d220921716b7f88c0811e0
port_calls__20250118T000000Z__20250119T000000Z.json,2025-01-18T00:00:00Z,2025-01-19T00:00:00Z,2026-09-17T08:54:33Z,2026-09-17T08:52:00.192971Z,63,aa211e313fc10b5dc52c1d4f75d81b1bc730480eb89f564ccb23ebd8c8906cd5
port_calls__20250119T000000Z__20250120T000000Z.json,2025-01-19T00:00:00Z,2025-01-20T00:00:00Z,2026-09-17T08:54:34Z,2026-09-17T08:52:00.192971Z,78,891efd59e6358ce8e7df022dae4ceae5261e525051b74c96d34c6424353256dc
port_calls__20250120T000000Z__20250121T000000Z.json,2025-01-20T00:00:00Z,2025-01-21T00:00:00Z,2026-09-17T08:54:35Z,2026-09-17T08:52:00.192971Z,70,25ecdd8936d207461403f7d10626f916e7ca40dac0ae8a068f4bdc01d3eba3fe
port_calls__20250121T000000Z__20250122T000000Z.json,2025-01-21T00:00:00Z,2025-01-22T00:00:00Z,2026-09-17T08:54:35Z,2026-09-17T08:52:00.192971Z,81,7412f0a537fc004425e7fbed96614d866e3bf04d4dff1ff3e834f35a9819fa71
port_calls__20250122T000000Z__20250123T000000Z.json,2025-01-22T00:00:00Z,2025-01-23T00:00:00Z,2026-09-17T08:54:36Z,2026-09-17T08:52:00.192971Z,94,1aef5dfd11941efc66ddaf02eb08030f50dab480be4516dfbc36813d456caef6
port_calls__20250123T000000Z__20250124T000000Z.json,2025-01-23T00:00:00Z,2025-01-24T00:00:00Z,2026-09-17T08:54:37Z,2026-09-17T08:52:00.192971Z,81,a31cea3d4af9d61cb1bd602f1519e6bd83663b37492d3bb11038f23320fd1cf0
port_calls__20250124T000000Z__20250125T000000Z.json,2025-01-24T00:00:00Z,2025-01-25T00:00:00Z,2026-09-17T08:54:37Z,2026-09-17T08:52:00.192971Z,69,aaba9ca23e7305c571acc5751976b1e69fd2447048a2ff46621fd0dc1f70972c
port_calls__20250125T000000Z__20250126T000000Z.json,2025-01-25T00:00:00Z,2025-01-26T00:00:00Z,2026-09-17T08:54:38Z,2026-09-17T08:52:00.192971Z,67,e1525e219c6c405b01e1481b51bcfb42d922095a0e4916d70e96c2b3dc6542cd
port_calls__20250126T000000Z__20250127T000000Z.json,2025-01-26T00:00:00Z,2025-01-27T00:00:00Z,2026-09-17T08:54:38Z,2026-09-17T08:52:00.192971Z,76,0dd47f2931ac482de3b97be52e930e1042399aa5df67075470e94fb27d2088b6
port_calls__20250127T000000Z__20250128T000000Z.json,2025-01-27T00:00:00Z,2025-01-28T00:00:00Z,2026-09-17T08:54:39Z,2026-09-17T08:52:00.192971Z,76,8a70161f8c69a8edd77b944601155c8c421cdb201c187f9cb3e2ef2daef2c2d5
port_calls__20250128T000000Z__20250129T000000Z.json,2025-01-28T00:00:00Z,2025-01-29T00:00:00Z,2026-09-17T08:54:39Z,2026-09-17T08:52:00.192971Z,82,92567bc6d01d14f6c812ffa5290bccc9094eca55b62897607ff9b1f3206aa04e
port_calls__20250129T000000Z__20250130T000000Z.json,2025-01-29T00:00:00Z,2025-01-30T00:00:00Z,2026-09-17T08:54:40Z,2026-09-17T08:52:00.192971Z,83,7898999d489baed6d3f05ab03cd31da7806964a6c0406b78d0384cf1016a778b
port_calls__20250130T000000Z__20250131T000000Z.json,2025-01-30T00:00:00Z,2025-01-31T00:00:00Z,2026-09-17T08:54:40Z,2026-09-17T08:52:00.192971Z,81,a83f8fb8bc7767afbe52222db0347e30b5795ca079d84e903829de1abd53775a
port_calls__20250131T000000Z__20250201T000000Z.json,2025-01-31T00:00:00Z,2025-02-01T00:00:00Z,2026-09-17T08:54:41Z,2026-09-17T08:52:00.192971Z,75,d5356cffb414093964d1b1267ea5b7a28e5c32ce39141eed8688a789922d9ad1
port_calls__20250201T000000Z__20250202T000000Z.json,2025-02-01T00:00:00Z,2025-02-02T00:00:00Z,2026-09-17T08:54:42Z,2026-09-17T08:52:00.192971Z,70,c44a90ff5765b40035d924aa161630bf44e136dbf46a9683929cee06290f81f7
port_calls__20250202T000000Z__20250203T000000Z.json,2025-02-02T00:00:00Z,2025-02-03T00:00:00Z,2026-09-17T08:54:42Z,2026-09-17T08:52:00.192971Z,69,18ac644570e2a0d4c5940d79f9f5ec2b986f8d25faa5827015e8b89f872fab8c
port_calls__20250203T000000Z__20250204T000000Z.json,2025-02-03T00:00:00Z,2025-02-04T00:00:00Z,2026-09-17T08:54:43Z,2026-09-17T08:52:00.192971Z,86,7337c1f75e7973d4be6c63a86a33ad6291fded479e1b5eee60ac297686679e00
port_calls__20250204T000000Z__20250205T000000Z.json,2025-02-04T00:00:00Z,2025-02-05T00:00:00Z,2026-09-17T08:54:44Z,2026-09-17T08:52:00.192971Z,81,f8b8797cef311f8b9fe7c33af8c2487dc5dda777fd88fdda7592223fafe89adb
port_calls__20250205T000000Z__20250206T000000Z.json,2025-02-05T00:00:00Z,2025-02-06T00:00:00Z,2026-09-17T08:54:44Z,2026-09-17T08:52:00.192971Z,86,83947b14d62eaa1650fed2b9a3dd5cd50f8df22998a7ab1da4045f6055be5247
port_calls__20250206T000000Z__20250207T000000Z.json,2025-02-06T00:00:00Z,2025-02-07T00:00:00Z,2026-09-17T08:54:45Z,2026-09-17T08:52:00.192971Z,85,a2c72d9a5c888d96a50497250ffffa4b7a53b822a39843e45f1b4e3f6e82ba74
port_calls__20250207T000000Z__20250208T000000Z.json,2025-02-07T00:00:00Z,2025-02-08T00:00:00Z,2026-09-17T08:54:45Z,2026-09-17T08:52:00.192971Z,86,c89e727a621b77a701f453dd4d40b41f7472180389bc943e3e3d33490b87e8bf
port_calls__20250208T000000Z__20250209T000000Z.json,2025-02-08T00:00:00Z,2025-02-09T00:00:00Z,2026-09-17T08:54:46Z,2026-09-17T08:52:00.192971Z,78,4b7723f30ada1a80aae554e88bdd0e0e61e7ecbbca73e36f9b1fa213c974477b
port_calls__20250209T000000Z__20250210T000000Z.json,2025-02-09T00:00:00Z,2025-02-10T00:00:00Z,2026-09-17T08:54:46Z,2026-09-17T08:52:00.192971Z,74,d8642c7b2a90d28b409bd34a816ce2621c3165ef24e79b45551f6685fdc29c64
port_calls__20250210T000000Z__20250211T000000Z.json,2025-02-10T00:00:00Z,2025-02-11T00:00:00Z,2026-09-17T08:54:47Z,2026-09-17T08:52:00.192971Z,86,9fc6945a02634fea93ed3c3e0a6981433e0e9daeefa20834a57ac6bf5d2afbb6
port_calls__20250211T000000Z__20250212T000000Z.json,2025-02-11T00:00:00Z,2025-02-12T00:00:00Z,2026-09-17T08:54:47Z,2026-09-17T08:52:00.192971Z,85,d35c993a267ce8b33e49f02ca58fe919bf1e1ba35b8aed7b00d0a2cddb1b2771
port_calls__20250212T000000Z__20250213T000000Z.json,2025-02-12T00:00:00Z,2025-02-13T00:00:00Z,2026-09-17T08:54:48Z,2026-09-17T08:52:00.192971Z,94,a117bf3b9c049fb7d34eac48338ca974ea666eb1b838449b946c10faf267b9f8
port_calls__20250213T000000Z__20250214T000000Z.json,2025-02-13T00:00:00Z,2025-02-14T00:00:00Z,2026-09-17T08:54:49Z,2026-09-17T08:52:00.192971Z,98,0647c03c340f1c1db7f92ead4d1fbadb10d2a704c338445c84995d15784d6f70
port_calls__20250214T000000Z__20250215T000000Z.json,2025-02-14T00:00:00Z,2025-02-15T00:00:00Z,2026-09-17T08:54:49Z,2026-09-17T08:52:00.192971Z,90,246bd544714fd45451c14ab0c456ff86441b5eee2a692d3e5baa657f64083683
port_calls__20250215T000000Z__20250216T000000Z.json,2025-02-15T00:00:00Z,2025-02-16T00:00:00Z,2026-09-17T08:54:50Z,2026-09-17T08:52:00.192971Z,80,7c3e24bf14f9caf5280fb9c3c08b68dd508e5528480d38a44cb61b64d00ec9b9
port_calls__20250216T000000Z__20250217T000000Z.json,2025-02-16T00:00:00Z,2025-02-17T00:00:00Z,2026-09-17T08:54:50Z,2026-09-17T08:52:00.192971Z,67,5da379f8797419e67efa9278a7c781d8e02973340a2e100d8b67a102567ee725
port_calls__20250217T000000Z__20250218T000000Z.json,2025-02-17T00:00:00Z,2025-02-18T00:00:00Z,2026-09-17T08:54:51Z,2026-09-17T08:52:00.192971Z,94,e416accb625965f87e7c5404b12271a9673ad92348940a914771dd149ecc2bf8
port_calls__20250218T000000Z__20250219T000000Z.json,2025-02-18T00:00:00Z,2025-02-19T00:00:00Z,2026-09-17T08:54:51Z,2026-09-17T08:52:00.192971Z,94,3bee752fbcaae02af1b4bbf487fbfd94eec81c0b4c776be3e29f2eb16d94ae7e
port_calls__20250219T000000Z__20250220T000000Z.json,2025-02-19T00:00:00Z,2025-02-20T00:00:00Z,2026-09-17T08:54:52Z,2026-09-17T08:52:00.192971Z,98,25b26055ab25844bc525593243f47f9e1b931cc1f0fc0ebf095727bcbbb1c327
port_calls__20250220T000000Z__20250221T000000Z.json,2025-02-20T00:00:00Z,2025-02-21T00:00:00Z,2026-09-17T08:54:53Z,2026-09-17T08:52:00.192971Z,91,3ad2568003a1c93ce2421ef2c37450fbf8c192ded0c0b96725b9e1466038cd97
port_calls__20250221T000000Z__20250222T000000Z.json,2025-02-21T00:00:00Z,2025-02-22T00:00:00Z,2026-09-17T08:54:53Z,2026-09-17T08:52:00.192971Z,85,1207c8efbf6cfc3a517282b3e9590e7f13567bc9c5b18bb88d5d78e4f3fa16f5
port_calls__20250222T000000Z__20250223T000000Z.json,2025-02-22T00:00:00Z,2025-02-23T00:00:00Z,2026-09-17T08:54:54Z,2026-09-17T08:52:00.192971Z,70,656712db6af8af53c7fcb86e687209fb6b081c1b6681c0d8cde2ace6ffe45c8a
port_calls__20250223T000000Z__20250224T000000Z.json,2025-02-23T00:00:00Z,2025-02-24T00:00:00Z,2026-09-17T08:54:54Z,2026-09-17T08:52:00.192971Z,79,a9e8b6f34681509b1cf4133f9865de36e615538b1950ace1242c6652d0777eb4
port_calls__20250224T000000Z__20250225T000000Z.json,2025-02-24T00:00:00Z,2025-02-25T00:00:00Z,2026-09-17T08:54:55Z,2026-09-17T08:52:00.192971Z,72,51ae8a36fed7550f228a00318abe83f3882fb7bbd5dce21b4b8b6fb3ad7cf92a
port_calls__20250225T000000Z__20250226T000000Z.json,2025-02-25T00:00:00Z,2025-02-26T00:00:00Z,2026-09-17T08:54:56Z,2026-09-17T08:52:00.192971Z,77,95517aafaa0d75042734cd2131a0a23950d7518336b3e4499805eebd2184e396
port_calls__20250226T000000Z__20250227T000000Z.json,2025-02-26T00:00:00Z,2025-02-27T00:00:00Z,2026-09-17T08:54:56Z,2026-09-17T08:52:00.192971Z,90,3a85bea7379304da241b77603874c7dca43fd6c150b3107bdcec2bff86c15e5c
port_calls__20250227T000000Z__20250228T000000Z.json,2025-02-27T00:00:00Z,2025-02-28T00:00:00Z,2026-09-17T08:54:57Z,2026-09-17T08:52:00.192971Z,92,616e30ef0d710e92f34e47070df864d332089ba5dd98f775ac2871a979329281
port_calls__20250228T000000Z__20250301T000000Z.json,2025-02-28T00:00:00Z,2025-03-01T00:00:00Z,2026-09-17T08:54:58Z,2026-09-17T08:52:00.192971Z,85,7261034951bb865d7ebe8c03c05b24233c82f0dcdbf6f776217b3be51c08ccf4
port_calls__20250301T000000Z__20250302T000000Z.json,2025-03-01T00:00:00Z,2025-03-02T00:00:00Z,2026-09-17T08:54:58Z,2026-09-17T08:52:00.192971Z,79,0afaf19cb6cbc96b0a216770f1c1be5cbffad5705608a4eaaabf0b41a1156172
port_calls__20250302T000000Z__20250303T000000Z.json,2025-03-02T00:00:00Z,2025-03-03T00:00:00Z,2026-09-17T08:54:59Z,2026-09-17T08:52:00.192971Z,65,878acdc9c34403d5f6e264b2045246b83adc8983c1541e195fef5cedfc98cf82
port_calls__20250303T000000Z__20250304T000000Z.json,2025-03-03T00:00:00Z,2025-03-04T00:00:00Z,2026-09-17T08:54:59Z,2026-09-17T08:52:00.192971Z,81,7848da2eba935286a26f56c1b5210c79a2eb9d001e2d3b71942575cd4671fdc7
port_calls__20250304T000000Z__20250305T000000Z.json,2025-03-04T00:00:00Z,2025-03-05T00:00:00Z,2026-09-17T08:55:00Z,2026-09-17T08:52:00.192971Z,78,1d47f920a9be17814ed6caa3d6c712fe68382a4efa4fd52329ef65d88a7e659a
port_calls__20250305T000000Z__20250306T000000Z.json,2025-03-05T00:00:00Z,2025-03-06T00:00:00Z,2026-09-17T08:55:01Z,2026-09-17T08:52:00.192971Z,93,fd302d65bcc2ae3f2d8765d6ad98a3ea79e6773177574bbb95de93b9626abdfb
port_calls__20250306T000000Z__20250307T000000Z.json,2025-03-06T00:00:00Z,2025-03-07T00:00:00Z,2026-09-17T08:55:01Z,2026-09-17T08:52:00.192971Z,78,e3316dd4fde27d7a97e48054f7914b337f1facb3c22df50310ebba893b1ffcf3
port_calls__20250307T000000Z__20250308T000000Z.json,2025-03-07T00:00:00Z,2025-03-08T00:00:00Z,2026-09-17T08:55:02Z,2026-09-17T08:52:00.192971Z,77,4c7276225aa4b665894114e10cdcdfc377583d38a9003bb09fe14ea7ca5888a7
port_calls__20250308T000000Z__20250309T000000Z.json,2025-03-08T00:00:00Z,2025-03-09T00:00:00Z,2026-09-17T08:55:02Z,2026-09-17T08:52:00.192971Z,66,9fe399b205d981398acecc8fcff0eed1f63fd77e98117cf14fc3d22cb8de1e45
port_calls__20250309T000000Z__20250310T000000Z.json,2025-03-09T00:00:00Z,2025-03-10T00:00:00Z,2026-09-17T08:55:03Z,2026-09-17T08:52:00.192971Z,75,a52d9b5283da4b0f752c5ed3716d03550b7dd66196958e75bc534ba4ee9fa797
port_calls__20250310T000000Z__20250311T000000Z.json,2025-03-10T00:00:00Z,2025-03-11T00:00:00Z,2026-09-17T08:55:03Z,2026-09-17T08:52:00.192971Z,81,3323d493ef433ecada44e6537192c7736f996018b137a74697e73b8a00ea40a1
port_calls__20250311T000000Z__20250312T000000Z.json,2025-03-11T00:00:00Z,2025-03-12T00:00:00Z,2026-09-17T08:55:04Z,2026-09-17T08:52:00.192971Z,83,135b5a683a8e7b641c758afa69df219bfc8f5772d2c6893e3a72bef0afbf6be8
port_calls__20250312T000000Z__20250313T000000Z.json,2025-03-12T00:00:00Z,2025-03-13T00:00:00Z,2026-09-17T08:55:05Z,2026-09-17T08:52:00.192971Z,94,c1a91bbc341ddd218739e6812b807477d8d0a3d719364d36eab5a4f23cf3373b
port_calls__20250313T000000Z__20250314T000000Z.json,2025-03-13T00:00:00Z,2025-03-14T00:00:00Z,2026-09-17T08:55:05Z,2026-09-17T08:52:00.192971Z,87,63d8b26153de7dd85658cd9ca693e957b78071ec82366e30475a4c9a96a986f2
port_calls__20250314T000000Z__20250315T000000Z.json,2025-03-14T00:00:00Z,2025-03-15T00:00:00Z,2026-09-17T08:55:06Z,2026-09-17T08:52:00.192971Z,81,41dbff28deb55d57787266585045838d0fc72ca7577abded716f1f807a66798a
port_calls__20250315T000000Z__20250316T000000Z.json,2025-03-15T00:00:00Z,2025-03-16T00:00:00Z,2026-09-17T08:55:07Z,2026-09-17T08:52:00.192971Z,61,4de2b4e39a3a71ea0e404c4282ada009a4149d300078a902f2c93e1eccce9168
port_calls__20250316T000000Z__20250317T000000Z.json,2025-03-16T00:00:00Z,2025-03-17T00:00:00Z,2026-09-17T08:55:07Z,2026-09-17T08:52:00.192971Z,60,f1976253e49754ae683d3775e05134007533005d39d4bef68f314a653d6c6740
port_calls__20250317T000000Z__20250318T000000Z.json,2025-03-17T00:00:00Z,2025-03-18T00:00:00Z,2026-09-17T08:55:08Z,2026-09-17T08:52:00.192971Z,86,a4330fa72901390df59de24311b95e5fbdafb46f7c9bc26b7dcb29e6d861dcc1
port_calls__20250318T000000Z__20250319T000000Z.json,2025-03-18T00:00:00Z,2025-03-19T00:00:00Z,2026-09-17T08:55:08Z,2026-09-17T08:52:00.192971Z,85,8984e07309104a115ff6e4bb0d99e2440e8d8ccf9a61c3fa6e2f03a3cfc91f0f
port_calls__20250319T000000Z__20250320T000000Z.json,2025-03-19T00:00:00Z,2025-03-20T00:00:00Z,2026-09-17T08:55:09Z,2026-09-17T08:52:00.192971Z,103,bb3b7ee3df48101f90e4a90eabdc9787958dae963e6146b40d46f7314e6decea
port_calls__20250320T000000Z__20250321T000000Z.json,2025-03-20T00:00:00Z,2025-03-21T00:00:00Z,2026-09-17T08:55:10Z,2026-09-17T08:52:00.192971Z,87,e15d4ee3cf65ceec2fc9b87ff95b5decaadf902529da9052036b0f97b995e2b5
port_calls__20250321T000000Z__20250322T000000Z.json,2025-03-21T00:00:00Z,2025-03-22T00:00:00Z,2026-09-17T08:55:10Z,2026-09-17T08:52:00.192971Z,95,01b115acec1ab30ad0c14d3bcefdde511bfde7f891e546d07e015382c8337b2c
port_calls__20250322T000000Z__20250323T000000Z.json,2025-03-22T00:00:00Z,2025-03-23T00:00:00Z,2026-09-17T08:55:11Z,2026-09-17T08:52:00.192971Z,68,c90dc307e1f4db1d54c7edf56bcf2242c158bb326076365db2e3fa54a8efd0ad
port_calls__20250323T000000Z__20250324T000000Z.json,2025-03-23T00:00:00Z,2025-03-24T00:00:00Z,2026-09-17T08:55:12Z,2026-09-17T08:52:00.192971Z,76,13686632c57f263b258e64f150f2f7284c7f070b08d91bf1f4063b5ef738ca55
port_calls__20250324T000000Z__20250325T000000Z.json,2025-03-24T00:00:00Z,2025-03-25T00:00:00Z,2026-09-17T08:55:12Z,2026-09-17T08:52:00.192971Z,72,f1f34b7c3d3ba524a424386afe9b16b262dc8d7802b5f5b6bdba093b09c2d5e5
port_calls__20250325T000000Z__20250326T000000Z.json,2025-03-25T00:00:00Z,2025-03-26T00:00:00Z,2026-09-17T08:55:13Z,2026-09-17T08:52:00.192971Z,89,38df900dec029aa38f65ea7a2a873128d32f12fd8e58d4a99cd4aaddfc81b13e
port_calls__20250326T000000Z__20250327T000000Z.json,2025-03-26T00:00:00Z,2025-03-27T00:00:00Z,2026-09-17T08:55:13Z,2026-09-17T08:52:00.192971Z,96,9df9eae8b343052aac2b40e97d58d89024810aae781bce6625b943d83a4d124b
port_calls__20250327T000000Z__20250328T000000Z.json,2025-03-27T00:00:00Z,2025-03-28T00:00:00Z,2026-09-17T08:55:14Z,2026-09-17T08:52:00.192971Z,86,32cb17755d03ceb800fc18e60636e011301e032bbc3bc5ec65b38df998b24bd1
port_calls__20250328T000000Z__20250329T000000Z.json,2025-03-28T00:00:00Z,2025-03-29T00:00:00Z,2026-09-17T08:55:15Z,2026-09-17T08:52:00.192971Z,80,13e66f508bf61f4eb8936c802c63a539be39296e496e1468dfbfd6397e09e91b
port_calls__20250329T000000Z__20250330T000000Z.json,2025-03-29T00:00:00Z,2025-03-30T00:00:00Z,2026-09-17T08:55:15Z,2026-09-17T08:52:00.192971Z,71,fdef1aa22f61cfbc070985f8bf0c622efdc0d47beb4b61d8cb1451ce1f397591
port_calls__20250330T000000Z__20250331T000000Z.json,2025-03-30T00:00:00Z,2025-03-31T00:00:00Z,2026-09-17T08:55:16Z,2026-09-17T08:52:00.192971Z,83,a068cde22707e2c68f1f85dcd1516c28eb90ba3de32feaad3cdafbf23aafe50a
port_calls__20250331T000000Z__20250401T000000Z.json,2025-03-31T00:00:00Z,2025-04-01T00:00:00Z,2026-09-17T08:55:17Z,2026-09-17T08:52:00.192971Z,89,f2dd6ecb0b35b7ccf0e90b893ca47ec0b5dec80de460b09931e51a209b1b0411
